{"paths": {"admin/js/vendor/select2/i18n/af.js": "admin/js/vendor/select2/i18n/af.4f6fcd73488c.js", "admin/js/vendor/select2/i18n/ar.js": "admin/js/vendor/select2/i18n/ar.65aa8e36bf5d.js", "admin/js/vendor/select2/i18n/az.js": "admin/js/vendor/select2/i18n/az.270c257daf81.js", "admin/js/vendor/select2/i18n/bg.js": "admin/js/vendor/select2/i18n/bg.39b8be30d4f0.js", "admin/js/vendor/select2/i18n/bn.js": "admin/js/vendor/select2/i18n/bn.6d42b4dd5665.js", "admin/js/vendor/select2/i18n/bs.js": "admin/js/vendor/select2/i18n/bs.91624382358e.js", "admin/js/vendor/select2/i18n/ca.js": "admin/js/vendor/select2/i18n/ca.a166b745933a.js", "admin/js/vendor/select2/i18n/cs.js": "admin/js/vendor/select2/i18n/cs.4f43e8e7d33a.js", "admin/js/vendor/select2/i18n/da.js": "admin/js/vendor/select2/i18n/da.766346afe4dd.js", "admin/js/vendor/select2/i18n/de.js": "admin/js/vendor/select2/i18n/de.8a1c222b0204.js", "admin/js/vendor/select2/i18n/dsb.js": "admin/js/vendor/select2/i18n/dsb.56372c92d2f1.js", "admin/js/vendor/select2/i18n/el.js": "admin/js/vendor/select2/i18n/el.27097f071856.js", "admin/js/vendor/select2/i18n/en.js": "admin/js/vendor/select2/i18n/en.cf932ba09a98.js", "admin/js/vendor/select2/i18n/es.js": "admin/js/vendor/select2/i18n/es.66dbc2652fb1.js", "admin/js/vendor/select2/i18n/et.js": "admin/js/vendor/select2/i18n/et.2b96fd98289d.js", "admin/js/vendor/select2/i18n/eu.js": "admin/js/vendor/select2/i18n/eu.adfe5c97b72c.js", "admin/js/vendor/select2/i18n/fa.js": "admin/js/vendor/select2/i18n/fa.3b5bd1961cfd.js", "admin/js/vendor/select2/i18n/fi.js": "admin/js/vendor/select2/i18n/fi.614ec42aa9ba.js", "admin/js/vendor/select2/i18n/fr.js": "admin/js/vendor/select2/i18n/fr.05e0542fcfe6.js", "admin/js/vendor/select2/i18n/gl.js": "admin/js/vendor/select2/i18n/gl.d99b1fedaa86.js", "admin/js/vendor/select2/i18n/he.js": "admin/js/vendor/select2/i18n/he.e420ff6cd3ed.js", "admin/js/vendor/select2/i18n/hi.js": "admin/js/vendor/select2/i18n/hi.70640d41628f.js", "admin/js/vendor/select2/i18n/hr.js": "admin/js/vendor/select2/i18n/hr.a2b092cc1147.js", "admin/js/vendor/select2/i18n/hsb.js": "admin/js/vendor/select2/i18n/hsb.fa3b55265efe.js", "admin/js/vendor/select2/i18n/hu.js": "admin/js/vendor/select2/i18n/hu.6ec6039cb8a3.js", "admin/js/vendor/select2/i18n/hy.js": "admin/js/vendor/select2/i18n/hy.c7babaeef5a6.js", "admin/js/vendor/select2/i18n/id.js": "admin/js/vendor/select2/i18n/id.04debded514d.js", "admin/js/vendor/select2/i18n/is.js": "admin/js/vendor/select2/i18n/is.3ddd9a6a97e9.js", "admin/js/vendor/select2/i18n/it.js": "admin/js/vendor/select2/i18n/it.be4fe8d365b5.js", "admin/js/vendor/select2/i18n/ja.js": "admin/js/vendor/select2/i18n/ja.170ae885d74f.js", "admin/js/vendor/select2/i18n/ka.js": "admin/js/vendor/select2/i18n/ka.2083264a54f0.js", "admin/js/vendor/select2/i18n/km.js": "admin/js/vendor/select2/i18n/km.c23089cb06ca.js", "admin/js/vendor/select2/i18n/ko.js": "admin/js/vendor/select2/i18n/ko.e7be6c20e673.js", "admin/js/vendor/select2/i18n/lt.js": "admin/js/vendor/select2/i18n/lt.23c7ce903300.js", "admin/js/vendor/select2/i18n/lv.js": "admin/js/vendor/select2/i18n/lv.08e62128eac1.js", "admin/js/vendor/select2/i18n/mk.js": "admin/js/vendor/select2/i18n/mk.dabbb9087130.js", "admin/js/vendor/select2/i18n/ms.js": "admin/js/vendor/select2/i18n/ms.4ba82c9a51ce.js", "admin/js/vendor/select2/i18n/nb.js": "admin/js/vendor/select2/i18n/nb.da2fce143f27.js", "admin/js/vendor/select2/i18n/ne.js": "admin/js/vendor/select2/i18n/ne.3d79fd3f08db.js", "admin/js/vendor/select2/i18n/nl.js": "admin/js/vendor/select2/i18n/nl.997868a37ed8.js", "admin/js/vendor/select2/i18n/pl.js": "admin/js/vendor/select2/i18n/pl.6031b4f16452.js", "admin/js/vendor/select2/i18n/ps.js": "admin/js/vendor/select2/i18n/ps.38dfa47af9e0.js", "admin/js/vendor/select2/i18n/pt-BR.js": "admin/js/vendor/select2/i18n/pt-BR.e1b294433e7f.js", "admin/js/vendor/select2/i18n/pt.js": "admin/js/vendor/select2/i18n/pt.33b4a3b44d43.js", "admin/js/vendor/select2/i18n/ro.js": "admin/js/vendor/select2/i18n/ro.f75cb460ec3b.js", "admin/js/vendor/select2/i18n/ru.js": "admin/js/vendor/select2/i18n/ru.934aa95f5b5f.js", "admin/js/vendor/select2/i18n/sk.js": "admin/js/vendor/select2/i18n/sk.33d02cef8d11.js", "admin/js/vendor/select2/i18n/sl.js": "admin/js/vendor/select2/i18n/sl.131a78bc0752.js", "admin/js/vendor/select2/i18n/sq.js": "admin/js/vendor/select2/i18n/sq.5636b60d29c9.js", "admin/js/vendor/select2/i18n/sr-Cyrl.js": "admin/js/vendor/select2/i18n/sr-Cyrl.f254bb8c4c7c.js", "admin/js/vendor/select2/i18n/sr.js": "admin/js/vendor/select2/i18n/sr.5ed85a48f483.js", "admin/js/vendor/select2/i18n/sv.js": "admin/js/vendor/select2/i18n/sv.7a9c2f71e777.js", "admin/js/vendor/select2/i18n/th.js": "admin/js/vendor/select2/i18n/th.f38c20b0221b.js", "admin/js/vendor/select2/i18n/tk.js": "admin/js/vendor/select2/i18n/tk.7c572a68c78f.js", "admin/js/vendor/select2/i18n/tr.js": "admin/js/vendor/select2/i18n/tr.b5a0643d1545.js", "admin/js/vendor/select2/i18n/uk.js": "admin/js/vendor/select2/i18n/uk.8cede7f4803c.js", "admin/js/vendor/select2/i18n/vi.js": "admin/js/vendor/select2/i18n/vi.097a5b75b3e1.js", "admin/js/vendor/select2/i18n/zh-CN.js": "admin/js/vendor/select2/i18n/zh-CN.2cff662ec5f9.js", "admin/js/vendor/select2/i18n/zh-TW.js": "admin/js/vendor/select2/i18n/zh-TW.04554a227c2b.js", "admin/css/vendor/select2/LICENSE-SELECT2.md": "admin\\css\\vendor\\select2\\LICENSE-SELECT2.f94142512c91.md", "admin/css/vendor/select2/select2.css": "admin/css/vendor/select2/select2.a2194c262648.css", "admin/css/vendor/select2/select2.min.css": "admin/css/vendor/select2/select2.min.9f54e6414f87.css", "admin/js/vendor/jquery/jquery.js": "admin/js/vendor/jquery/jquery.12e87d2f3a4c.js", "admin/js/vendor/jquery/jquery.min.js": "admin/js/vendor/jquery/jquery.min.2c872dbe60f4.js", "admin/js/vendor/jquery/LICENSE.txt": "admin\\js\\vendor\\jquery\\LICENSE.de877aa6d744.txt", "admin/js/vendor/select2/LICENSE.md": "admin\\js\\vendor\\select2\\LICENSE.f94142512c91.md", "admin/js/vendor/select2/select2.full.js": "admin/js/vendor/select2/select2.full.c2afdeda3058.js", "admin/js/vendor/select2/select2.full.min.js": "admin/js/vendor/select2/select2.full.min.fcd7500d8e13.js", "admin/js/vendor/xregexp/LICENSE.txt": "admin\\js\\vendor\\xregexp\\LICENSE.b6fd2ceea8d3.txt", "admin/js/vendor/xregexp/xregexp.js": "admin/js/vendor/xregexp/xregexp.a7e08b0ce686.js", "admin/js/vendor/xregexp/xregexp.min.js": "admin/js/vendor/xregexp/xregexp.min.f1ae4617847c.js", "admin/img/gis/move_vertex_off.svg": "admin\\img\\gis\\move_vertex_off.7a23bf31ef8a.svg", "admin/img/gis/move_vertex_on.svg": "admin\\img\\gis\\move_vertex_on.0047eba25b67.svg", "admin/js/admin/DateTimeShortcuts.js": "admin/js/admin/DateTimeShortcuts.9f6e209cebca.js", "admin/js/admin/RelatedObjectLookups.js": "admin/js/admin/RelatedObjectLookups.ef211845e458.js", "admin/css/autocomplete.css": "admin/css/autocomplete.4a81fc4242d0.css", "admin/css/base.css": "admin/css/base.9f65b5cd54b3.css", "admin/css/changelists.css": "admin/css/changelists.47cb433b29d4.css", "admin/css/dark_mode.css": "admin/css/dark_mode.e18e9a052429.css", "admin/css/dashboard.css": "admin/css/dashboard.e90f2068217b.css", "admin/css/forms.css": "admin/css/forms.b29a0c8c9155.css", "admin/css/login.css": "admin/css/login.586129c60a93.css", "admin/css/nav_sidebar.css": "admin/css/nav_sidebar.dd925738f4cc.css", "admin/css/responsive.css": "admin/css/responsive.eafb93ff084c.css", "admin/css/responsive_rtl.css": "admin/css/responsive_rtl.7d1130848605.css", "admin/css/rtl.css": "admin/css/rtl.aa92d763340b.css", "admin/css/widgets.css": "admin/css/widgets.8a70ea6d8850.css", "admin/img/calendar-icons.svg": "admin\\img\\calendar-icons.39b290681a8b.svg", "admin/img/icon-addlink.svg": "admin\\img\\icon-addlink.d519b3bab011.svg", "admin/img/icon-alert.svg": "admin\\img\\icon-alert.034cc7d8a67f.svg", "admin/img/icon-calendar.svg": "admin\\img\\icon-calendar.ac7aea671bea.svg", "admin/img/icon-changelink.svg": "admin\\img\\icon-changelink.18d2fd706348.svg", "admin/img/icon-clock.svg": "admin\\img\\icon-clock.e1d4dfac3f2b.svg", "admin/img/icon-deletelink.svg": "admin\\img\\icon-deletelink.564ef9dc3854.svg", "admin/img/icon-hidelink.svg": "admin\\img\\icon-hidelink.8d245a995e18.svg", "admin/img/icon-no.svg": "admin\\img\\icon-no.439e821418cd.svg", "admin/img/icon-unknown-alt.svg": "admin\\img\\icon-unknown-alt.81536e128bb6.svg", "admin/img/icon-unknown.svg": "admin\\img\\icon-unknown.a18cb4398978.svg", "admin/img/icon-viewlink.svg": "admin\\img\\icon-viewlink.41eb31f7826e.svg", "admin/img/icon-yes.svg": "admin\\img\\icon-yes.d2f9f035226a.svg", "admin/img/inline-delete.svg": "admin\\img\\inline-delete.fec1b761f254.svg", "admin/img/LICENSE": "admin\\img\\LICENSE.2c54f4e1ca1c", "admin/img/README.txt": "admin\\img\\README.a70711a38d87.txt", "admin/img/search.svg": "admin\\img\\search.7cf54ff789c6.svg", "admin/img/selector-icons.svg": "admin\\img\\selector-icons.b4555096cea2.svg", "admin/img/sorting-icons.svg": "admin\\img\\sorting-icons.3a097b59f104.svg", "admin/img/tooltag-add.svg": "admin\\img\\tooltag-add.e59d620a9742.svg", "admin/img/tooltag-arrowright.svg": "admin\\img\\tooltag-arrowright.bbfb788a849e.svg", "admin/js/actions.js": "admin/js/actions.867b023a736d.js", "admin/js/autocomplete.js": "admin/js/autocomplete.01591ab27be7.js", "admin/js/calendar.js": "admin/js/calendar.d64496bbf46d.js", "admin/js/cancel.js": "admin/js/cancel.ecc4c5ca7b32.js", "admin/js/change_form.js": "admin/js/change_form.9d8ca4f96b75.js", "admin/js/collapse.js": "admin/js/collapse.f84e7410290f.js", "admin/js/core.js": "admin/js/core.7e257fdf56dc.js", "admin/js/filters.js": "admin/js/filters.0e360b7a9f80.js", "admin/js/inlines.js": "admin/js/inlines.22d4d93c00b4.js", "admin/js/jquery.init.js": "admin/js/jquery.init.b7781a0897fc.js", "admin/js/nav_sidebar.js": "admin/js/nav_sidebar.3b9190d420b1.js", "admin/js/popup_response.js": "admin/js/popup_response.c6cc78ea5551.js", "admin/js/prepopulate.js": "admin/js/prepopulate.bd2361dfd64d.js", "admin/js/prepopulate_init.js": "admin/js/prepopulate_init.6cac7f3105b8.js", "admin/js/SelectBox.js": "admin/js/SelectBox.7d3ce5a98007.js", "admin/js/SelectFilter2.js": "admin/js/SelectFilter2.b8cf7343ff9e.js", "admin/js/theme.js": "admin/js/theme.ab270f56bb9c.js", "admin/js/urlify.js": "admin/js/urlify.ae970a820212.js", "fonts/calibri-bold-italic.ttf": "fonts\\calibri-bold-italic.a3e6f73440d8.ttf", "fonts/calibri-bold.ttf": "fonts\\calibri-bold.8879a4caa29c.ttf", "fonts/calibri-italic.ttf": "fonts\\calibri-italic.5e5c563c9151.ttf", "fonts/calibri-regular.ttf": "fonts\\calibri-regular.baf2d27a2cc7.ttf", "fonts/CodecPro-Bold.ttf": "fonts\\CodecPro-Bold.9ca00d77d0b1.ttf", "fonts/CodecPro-Regular.ttf": "fonts\\CodecPro-Regular.7d7a58e411ae.ttf", "imgs/6608031754270.jpg": "imgs\\6608031754270.858613ad52a7.jpg", "imgs/admini.jpg": "imgs\\admini.6d104d1e0d6e.jpg", "imgs/agstate.webp": "imgs\\agstate.642db4c0c503.webp", "imgs/all.jpeg": "imgs\\all.2f50a8e58749.jpeg", "imgs/all2.webp": "imgs\\all2.aa3cda0a574d.webp", "imgs/bank2.jpg": "imgs\\bank2.dd23bc375b55.jpg", "imgs/bir.jpg": "imgs\\bir.f19b5711bced.jpg", "imgs/Book 2.jpg": "imgs\\Book 2.f842d7189ed4.jpg", "imgs/Business management software.jfif": "imgs\\Business management software.a17370030914.jfif", "imgs/CBY_YE.htm": "imgs\\CBY_YE.fe3e9375ceba.htm", "imgs/chain.jpeg": "imgs\\chain.d113a5cb3973.jpeg", "imgs/china.jpeg": "imgs\\china.d113a5cb3973.jpeg", "imgs/e1.png": "imgs\\e1.2fa4a0968974.png", "imgs/egov.jpg": "imgs\\egov.3ee8b8d2c207.jpg", "imgs/egoven.jpg": "imgs\\egoven.c6df2a544454.jpg", "imgs/eslah.jpg": "imgs\\eslah.bf811f84d3b9.jpg", "imgs/e_yemen2.jpg": "imgs\\e_yemen2.92e91fa49a43.jpg", "imgs/e_yemen3.jpg": "imgs\\e_yemen3.213ab66c7e9a.jpg", "imgs/fanicial.webp": "imgs\\fanicial.addc0f55468c.webp", "imgs/fix.jpg": "imgs\\fix.c16b023f5f44.jpg", "imgs/fix2.webp": "imgs\\fix2.a627fae10e87.webp", "imgs/fix3.png": "imgs\\fix3.4d1a7b7376d4.png", "imgs/future2.jpg": "imgs\\future2.9ac46e18dc7e.jpg", "imgs/g1.png": "imgs\\g1.3b22d513e0b3.png", "imgs/g2.png": "imgs\\g2.8f64f1ef8f5c.png", "imgs/g3.png": "imgs\\g3.a879b73ef9f9.png", "imgs/g4.png": "imgs\\g4.bd5e43a2b4ca.png", "imgs/g5.png": "imgs\\g5.99424b284875.png", "imgs/gd.png": "imgs\\gd.4ab1485aaf81.png", "imgs/gd2.png": "imgs\\gd2.06378d299cb9.png", "imgs/gd3.png": "imgs\\gd3.845d33b27cfb.png", "imgs/gd4.png": "imgs\\gd4.0066a5bdc70d.png", "imgs/gd5.png": "imgs\\gd5.b7a2ff39615b.png", "imgs/gd6.png": "imgs\\gd6.c4af3561a148.png", "imgs/gdw.png": "imgs\\gdw.d8e063b05847.png", "imgs/general.jpg": "imgs\\general.4894bce2763a.jpg", "imgs/gg.png": "imgs\\gg.95d840579099.png", "imgs/gg2.png": "imgs\\gg2.7aaf05e9b5b9.png", "imgs/gg3.png": "imgs\\gg3.66ce4b7106dc.png", "imgs/gg4.png": "imgs\\gg4.d4440108fd58.png", "imgs/gg5.png": "imgs\\gg5.2c9e23bd5a43.png", "imgs/gold.webp": "imgs\\gold.bf73aaa3cae9.webp", "imgs/gov.jpeg": "imgs\\gov.8ad5b296ec55.jpeg", "imgs/gov2.jpg": "imgs\\gov2.8cf6844b4419.jpg", "imgs/icon.ico": "imgs\\icon.28954c9006b8.ico", "imgs/invite.png": "imgs\\invite.c5e760663cf3.png", "imgs/it.png": "imgs\\it.60ae7c07cff1.png", "imgs/it10.png": "imgs\\it10.867fa3322023.png", "imgs/it11.png": "imgs\\it11.1d995512e99a.png", "imgs/it12.png": "imgs\\it12.1c6df5dbfff2.png", "imgs/it13.png": "imgs\\it13.e5c5d5ab4a16.png", "imgs/it14.png": "imgs\\it14.40de7f50f15e.png", "imgs/it15.png": "imgs\\it15.281d29ffc16d.png", "imgs/it16.png": "imgs\\it16.b6618b5aabdf.png", "imgs/it17.png": "imgs\\it17.d21321c4f99c.png", "imgs/it18.png": "imgs\\it18.d50102a49081.png", "imgs/it19.png": "imgs\\it19.fa7b4d47fccf.png", "imgs/it2.png": "imgs\\it2.e2d328d07a90.png", "imgs/it20.png": "imgs\\it20.64358017ab10.png", "imgs/it21.png": "imgs\\it21.bd50d6e17ba7.png", "imgs/it22.png": "imgs\\it22.1fa92a3fadda.png", "imgs/it23.png": "imgs\\it23.bee9d75409ec.png", "imgs/it24.png": "imgs\\it24.6a2b14feb5c2.png", "imgs/it3.png": "imgs\\it3.08ed06367b4a.png", "imgs/it4.png": "imgs\\it4.596ad264fe87.png", "imgs/it5.png": "imgs\\it5.86454ea1a1db.png", "imgs/jor.jpeg": "imgs\\jor.118a2043039a.jpeg", "imgs/jud.jpg": "imgs\\jud.51d193ba0724.jpg", "imgs/jy.jpg": "imgs\\jy.9e2d8999d2ff.jpg", "imgs/labor.jfif": "imgs\\labor.23abea64f7ce.jfif", "imgs/ll.jpg": "imgs\\ll.8f11934601c4.jpg", "imgs/LOGO ICON-02.ico": "imgs\\LOGO ICON-02.432298a09986.ico", "imgs/LOGO ICON-02.png": "imgs\\LOGO ICON-02.6fb7b4b68a31.png", "imgs/logo.png": "imgs\\logo.c3c4bf5009fa.png", "imgs/logo2.icon": "imgs\\logo2.c3c4bf5009fa.icon", "imgs/LOGOS-01.png": "imgs\\LOGOS-01.31c9d4f0c154.png", "imgs/LOGOS-02.ico": "imgs\\LOGOS-02.bb01a9a11bdc.ico", "imgs/LOGOS-02.png": "imgs\\LOGOS-02.6d5c78fa8768.png", "imgs/m1.png": "imgs\\m1.95c2b2716ef2.png", "imgs/m2.png": "imgs\\m2.2b62a1e00de0.png", "imgs/m3.png": "imgs\\m3.41a105caa94b.png", "imgs/maly.jpg": "imgs\\maly.a6ea557ed6a3.jpg", "imgs/maly2.webp": "imgs\\maly2.e5d0e7d52e3c.webp", "imgs/maly3.jpg": "imgs\\maly3.58c968a6bf18.jpg", "imgs/manage1.webp": "imgs\\manage1.e9f5c4ccde1d.webp", "imgs/manage_one.jpg": "imgs\\manage_one.a7569aa0d093.jpg", "imgs/md.jpg": "imgs\\md.5eb28b3a8dbf.jpg", "imgs/method1.jpg": "imgs\\method1.c7a30d046b14.jpg", "imgs/mk.png": "imgs\\mk.8155f5010229.png", "imgs/mk10.png": "imgs\\mk10.b3abe4e0586e.png", "imgs/mk2.png": "imgs\\mk2.fbc88f231dd1.png", "imgs/mk4.png": "imgs\\mk4.bc7c6a36a00b.png", "imgs/mk5.png": "imgs\\mk5.0216522445ea.png", "imgs/mk6.png": "imgs\\mk6.1149dd61ce02.png", "imgs/mk7.png": "imgs\\mk7.bc1574aad66a.png", "imgs/mk8.png": "imgs\\mk8.5308045e0a09.png", "imgs/mk9.png": "imgs\\mk9.1a8f57253fc5.png", "imgs/mo1.jpg": "imgs\\mo1.2dae53acf436.jpg", "imgs/money.jpg": "imgs\\money.fa820651d20e.jpg", "imgs/money2.jpeg": "imgs\\money2.c28b3ea500f0.jpeg", "imgs/money4.jpg": "imgs\\money4.665300c1516c.jpg", "imgs/notes.jpg": "imgs\\notes.5b38f4f144d3.jpg", "imgs/notes3.jpg": "imgs\\notes3.5b38f4f144d3.jpg", "imgs/one.jpg": "imgs\\one.4382720087ca.jpg", "imgs/q1.jpg": "imgs\\q1.0d4b7d90d6bc.jpg", "imgs/q2.jpg": "imgs\\q2.e4ae95bbdd08.jpg", "imgs/rasoul.jpg": "imgs\\rasoul.f04997618df3.jpg", "imgs/raw.webp": "imgs\\raw.63cb8faadf12.webp", "imgs/repair.jpg": "imgs\\repair.858613ad52a7.jpg", "imgs/repair2.jpg": "imgs\\repair2.c16b023f5f44.jpg", "imgs/repair3.jpeg": "imgs\\repair3.f880f32cb83e.jpeg", "imgs/repair4.jpg": "imgs\\repair4.217a23cbdf55.jpg", "imgs/repjud.jpg": "imgs\\repjud.62f64868d422.jpg", "imgs/sep.jpg": "imgs\\sep.3ad29e2bbe44.jpg", "imgs/smart.jpg": "imgs\\smart.3ee8b8d2c207.jpg", "imgs/sn.png": "imgs\\sn.e5763235f09a.png", "imgs/sn.webp": "imgs\\sn.a5f480df73b0.webp", "imgs/spe.webp": "imgs\\spe.e50c7bb24e94.webp", "imgs/spe2.jpg": "imgs\\spe2.35367549db27.jpg", "imgs/sss.png": "imgs\\sss.e5763235f09a.png", "imgs/stu.png": "imgs\\stu.02d29b05b3c6.png", "imgs/t.webp": "imgs\\t.131e9400a986.webp", "imgs/t1.png": "imgs\\t1.53776d6c7829.png", "imgs/t10.png": "imgs\\t10.c1271eb65c8c.png", "imgs/t2.png": "imgs\\t2.5f23e5c4c690.png", "imgs/t3.png": "imgs\\t3.372305ca17cf.png", "imgs/t4.png": "imgs\\t4.60a984b4a23f.png", "imgs/t5.png": "imgs\\t5.fcd8693fa6ba.png", "imgs/t6.png": "imgs\\t6.cac50250f634.png", "imgs/t7.png": "imgs\\t7.c478596fb77d.png", "imgs/t8.png": "imgs\\t8.0b8184f5d6e1.png", "imgs/t9.png": "imgs\\t9.3feb93f3e218.png", "imgs/tagarb.jpg": "imgs\\tagarb.ed9748b2bfad.jpg", "imgs/tagarb2.jpg": "imgs\\tagarb2.9e4f85166050.jpg", "imgs/tagarb6.webp": "imgs\\tagarb6.0ee807a7258a.webp", "imgs/tagarb9.jpg": "imgs\\tagarb9.b8150d52092b.jpg", "imgs/teg.jpg": "imgs\\teg.bef006b04702.jpg", "imgs/test.png": "imgs\\test.1ece06aae25c.png", "imgs/test2.jpg": "imgs\\test2.c06af904a545.jpg", "imgs/tgarb7.peg": "imgs\\tgarb7.c92d83fb5654.peg", "imgs/tn.htm": "imgs\\tn.3d0522ec2807.htm", "imgs/tn1.webp": "imgs\\tn1.7a1d49260b7c.webp", "imgs/tn2.jpg": "imgs\\tn2.0c5aef4f4cda.jpg", "imgs/two.jpg": "imgs\\two.c4f18d7017ca.jpg", "imgs/US.jpg": "imgs\\US.c6b64f04dd77.jpg", "imgs/us1.png": "imgs\\us1.51667f14c170.png", "imgs/us33.png": "imgs\\us33.ddca7263daa8.png", "imgs/White Logo-01.png": "imgs\\White Logo-01.748ff983f02b.png", "imgs/White Logo-02.png": "imgs\\White Logo-02.453037c6f8f0.png", "imgs/world3.jpg": "imgs\\world3.c0f43d2e0b0f.jpg", "imgs/ye.png": "imgs\\ye.da4ed7ff5296.png", "imgs/ye1.jpg": "imgs\\ye1.64b737ed27dd.jpg", "imgs/ye2.jpg": "imgs\\ye2.fc0849142c05.jpg", "imgs/ye3.jpg": "imgs\\ye3.c6e619e241cf.jpg", "JS/js.js": "JS/js.20ea326b4520.js", "style/all.min.css": "style/all.min.9ac4392fe327.css", "style/style.css": "style/style.cd3797e8ae65.css", "webfonts/fa-brands-400.ttf": "webfonts\\fa-brands-400.0ef11ce09670.ttf", "webfonts/fa-brands-400.woff2": "webfonts\\fa-brands-400.e2f5b365c7d3.woff2", "webfonts/fa-regular-400.ttf": "webfonts\\fa-regular-400.40e6df557342.ttf", "webfonts/fa-regular-400.woff2": "webfonts\\fa-regular-400.4b1620981585.woff2", "webfonts/fa-solid-900.ttf": "webfonts\\fa-solid-900.c0bf087a2384.ttf", "webfonts/fa-solid-900.woff2": "webfonts\\fa-solid-900.328a9d0f59f0.woff2", "webfonts/fa-v4compatibility.ttf": "webfonts\\fa-v4compatibility.36818ecc50af.ttf", "webfonts/fa-v4compatibility.woff2": "webfonts\\fa-v4compatibility.6ddaf31a1e0e.woff2"}, "version": "1.1", "hash": "e0cb89a90771"}